Servicos/11823457/15/1/?origem=PD,1299.00
Servicos/2485204/15/1/?origem=PD,649.00
Servicos/12682090/15/1/?origem=PD,1233.04
Servicos/7213660/15/1/?origem=PD,881.90
Servicos/11633838/15/1/?origem=PD,803.24
Servicos/11823489/15/1/?origem=PD,677.24
Servicos/11803238/15/1/?origem=PD,2005.08
Servicos/12658939/15/1/?origem=PD,2835.08
?idSku=12520103&idLojista=15&position=1,1598.90
Servicos/12520090/15/1/?origem=PD,1108.90
?idSku=13407290&idLojista=15&position=1,1608.90
?idSku=11822518&idLojista=15&position=1,44.39
?idSku=2394192&idLojista=15&position=1,203.39
Servicos/11626535/15/1/?origem=PD,1508.90
Servicos/11518092/15/1/?origem=PD,1008.90
Servicos/11799346/15/1/?origem=PD,1958.90
Servicos/11799347/15/1/?origem=PD,3358.90
Servicos/8551144/15/1/?origem=PD,23.91
Servicos/5154560/15/1/?origem=PD,137.15
Servicos/3705107/15/1/?origem=PD,117.15
Servicos/10184724/15/1/?origem=PD,154.05